-- phpMyAdmin SQL Dump
-- version 4.7.1
-- https://www.phpmyadmin.net/
--
-- Servidor: sql10.freemysqlhosting.net
-- Tiempo de generación: 21-04-2020 a las 23:23:39
-- Versión del servidor: 5.5.62-0ubuntu0.14.04.1
-- Versión de PHP: 7.0.33-0ubuntu0.16.04.3

SET SQL_MODE = "NO_AUTO_VALUE_ON_ZERO";
SET AUTOCOMMIT = 0;
START TRANSACTION;
SET time_zone = "+00:00";


/*!40101 SET @OLD_CHARACTER_SET_CLIENT=@@CHARACTER_SET_CLIENT */;
/*!40101 SET @OLD_CHARACTER_SET_RESULTS=@@CHARACTER_SET_RESULTS */;
/*!40101 SET @OLD_COLLATION_CONNECTION=@@COLLATION_CONNECTION */;
/*!40101 SET NAMES utf8mb4 */;

--
-- Base de datos: `sql10328339`
--
CREATE DATABASE IF NOT EXISTS `sql10328339` DEFAULT CHARACTER SET latin1 COLLATE latin1_swedish_ci;
USE `sql10328339`;

-- --------------------------------------------------------

--
-- Estructura de tabla para la tabla `ADHERENTES`
--

CREATE TABLE `ADHERENTES` (
  `ID` int(8) NOT NULL,
  `DNI` int(8) NOT NULL,
  `APELLIDO` varchar(100) NOT NULL,
  `NOMBRE` varchar(100) NOT NULL,
  `DIRECCION` varchar(100) NOT NULL,
  `TELEFONO` varchar(10) NOT NULL,
  `EMAIL` varchar(100) NOT NULL,
  `SEXO` varchar(50) NOT NULL,
  `FECHA_NACIMIENTO` date NOT NULL,
  `FECHA_COBERTURA` date NOT NULL,
  `SALDO` float NOT NULL,
  `ID_SOCIO` int(8) NOT NULL,
  `ID_ZONA` int(8) NOT NULL,
  `ID_LOCALIDAD` int(8) NOT NULL,
  `ID_OBRA_SOCIAL` int(8) NOT NULL,
  `ID_ESTADO` int(8) NOT NULL,
  `ID_USUARIO_MODIFICA` int(8) NOT NULL
) ENGINE=InnoDB DEFAULT CHARSET=latin1;

-- --------------------------------------------------------

--
-- Estructura de tabla para la tabla `ADHERENTES_AUDIT`
--

CREATE TABLE `ADHERENTES_AUDIT` (
  `ID_AUDIT` int(8) NOT NULL,
  `FECHA` datetime NOT NULL,
  `ID` int(8) NOT NULL,
  `DNI` int(8) NOT NULL,
  `APELLIDO` varchar(100) NOT NULL,
  `NOMBRE` varchar(100) NOT NULL,
  `DIRECCION` varchar(100) NOT NULL,
  `TELEFONO` varchar(10) NOT NULL,
  `EMAIL` varchar(100) NOT NULL,
  `SEXO` varchar(50) NOT NULL,
  `FECHA_NACIMIENTO` date NOT NULL,
  `FECHA_COBERTURA` date NOT NULL,
  `SALDO` float NOT NULL,
  `ID_SOCIO` int(8) NOT NULL,
  `ID_ZONA` int(8) NOT NULL,
  `ID_LOCALIDAD` int(8) NOT NULL,
  `ID_OBRA_SOCIAL` int(8) NOT NULL,
  `ID_ESTADO` int(8) NOT NULL,
  `ID_USUARIO_MODIFICA` int(8) NOT NULL,
  `METODO` varchar(6) NOT NULL
) ENGINE=InnoDB DEFAULT CHARSET=latin1;

-- --------------------------------------------------------

--
-- Estructura de tabla para la tabla `ADHERENTES_BAJA`
--

CREATE TABLE `ADHERENTES_BAJA` (
  `ID` int(8) NOT NULL,
  `ID_ADHERENTE` int(8) DEFAULT NULL,
  `ID_MOTIVO_BAJA` int(8) DEFAULT NULL,
  `ID_USUARIO_MODIFICA` int(8) NOT NULL
) ENGINE=InnoDB DEFAULT CHARSET=latin1;

-- --------------------------------------------------------

--
-- Estructura de tabla para la tabla `COBRADORES`
--

CREATE TABLE `COBRADORES` (
  `ID` int(8) NOT NULL,
  `DNI` int(8) NOT NULL,
  `APELLIDO` varchar(100) NOT NULL,
  `NOMBRE` varchar(100) NOT NULL,
  `DIRECCION` varchar(100) NOT NULL,
  `TELEFONO` varchar(10) NOT NULL,
  `EMAIL` varchar(100) NOT NULL,
  `SEXO` varchar(10) NOT NULL,
  `FECHA_NACIMIENTO` date NOT NULL,
  `ID_LOCALIDAD` int(8) DEFAULT NULL,
  `ID_USUARIO_MODIFICA` int(8) NOT NULL
) ENGINE=InnoDB DEFAULT CHARSET=latin1;

-- --------------------------------------------------------

--
-- Estructura de tabla para la tabla `COBRADORES_AUDIT`
--

CREATE TABLE `COBRADORES_AUDIT` (
  `ID_AUDIT` int(8) NOT NULL,
  `FECHA` datetime NOT NULL,
  `METODO` varchar(6) NOT NULL,
  `ID` int(8) NOT NULL,
  `DNI` int(8) NOT NULL,
  `APELLIDO` varchar(100) NOT NULL,
  `NOMBRE` varchar(100) NOT NULL,
  `DIRECCION` varchar(100) NOT NULL,
  `TELEFONO` varchar(10) NOT NULL,
  `EMAIL` varchar(100) NOT NULL,
  `SEXO` varchar(10) NOT NULL,
  `FECHA_NACIMIENTO` date NOT NULL,
  `ID_LOCALIDAD` int(8) DEFAULT NULL,
  `ID_USUARIO_MODIFICA` int(8) NOT NULL
) ENGINE=InnoDB DEFAULT CHARSET=latin1;

-- --------------------------------------------------------

--
-- Estructura de tabla para la tabla `COMPROBANTES`
--

CREATE TABLE `COMPROBANTES` (
  `ID` int(8) NOT NULL,
  `NRO_COMPROBANTE` int(8) NOT NULL,
  `ID_PARAMETRO` int(8) NOT NULL,
  `ID_SOCIO` int(8) NOT NULL,
  `ID_USUARIO_MODIFICA` int(8) NOT NULL
) ENGINE=InnoDB DEFAULT CHARSET=latin1;

-- --------------------------------------------------------

--
-- Estructura de tabla para la tabla `COMPROBANTES_AUDIT`
--

CREATE TABLE `COMPROBANTES_AUDIT` (
  `ID_AUDIT` int(8) NOT NULL,
  `FECHA` datetime NOT NULL,
  `METODO` varchar(6) NOT NULL,
  `ID` int(8) NOT NULL,
  `NRO_COMPROBANTE` int(8) NOT NULL,
  `ID_PARAMETRO` int(8) NOT NULL,
  `ID_SOCIO` int(8) NOT NULL,
  `ID_USUARIO_MODIFICA` int(8) NOT NULL
) ENGINE=InnoDB DEFAULT CHARSET=latin1;

-- --------------------------------------------------------

--
-- Estructura de tabla para la tabla `ESTADOS`
--

CREATE TABLE `ESTADOS` (
  `ID` int(8) NOT NULL,
  `NRO_ESTADO` int(8) DEFAULT NULL,
  `DESCRIPCION` varchar(50) NOT NULL,
  `ID_USUARIO_MODIFICA` int(8) NOT NULL
) ENGINE=InnoDB DEFAULT CHARSET=latin1;

--
-- Volcado de datos para la tabla `ESTADOS`
--

INSERT INTO `ESTADOS` (`ID`, `NRO_ESTADO`, `DESCRIPCION`, `ID_USUARIO_MODIFICA`) VALUES
(1, 1, 'ALTA', 1),
(2, 2, 'BAJA', 1);

-- --------------------------------------------------------

--
-- Estructura de tabla para la tabla `ESTADOS_AUDIT`
--

CREATE TABLE `ESTADOS_AUDIT` (
  `ID_AUDIT` int(8) NOT NULL,
  `FECHA` datetime NOT NULL,
  `METODO` varchar(6) NOT NULL,
  `ID` int(8) NOT NULL,
  `NRO_ESTADO` int(8) DEFAULT NULL,
  `DESCRIPCION` varchar(50) NOT NULL,
  `ID_USUARIO_MODIFICA` int(8) NOT NULL
) ENGINE=InnoDB DEFAULT CHARSET=latin1;

-- --------------------------------------------------------

--
-- Estructura de tabla para la tabla `LOCALIDADES`
--

CREATE TABLE `LOCALIDADES` (
  `ID` int(8) NOT NULL,
  `NRO_LOCALIDAD` int(8) DEFAULT NULL,
  `NOMBRE` varchar(60) DEFAULT NULL,
  `CODIGO_POSTAL` int(4) NOT NULL,
  `ID_PROVINCIA` int(8) NOT NULL,
  `ID_USUARIO_MODIFICA` int(8) NOT NULL
) ENGINE=InnoDB DEFAULT CHARSET=latin1;

--
-- Volcado de datos para la tabla `LOCALIDADES`
--



-- --------------------------------------------------------

--
-- Estructura de tabla para la tabla `LOCALIDADES_AUDIT`
--

CREATE TABLE `LOCALIDADES_AUDIT` (
  `ID_AUDIT` int(8) NOT NULL,
  `FECHA` datetime NOT NULL,
  `METODO` varchar(6) NOT NULL,
  `ID` int(8) NOT NULL,
  `NRO_LOCALIDAD` int(8) DEFAULT NULL,
  `NOMBRE` varchar(60) DEFAULT NULL,
  `CODIGO_POSTAL` int(4) NOT NULL,
  `ID_PROVINCIA` int(8) NOT NULL,
  `ID_USUARIO_MODIFICA` int(8) NOT NULL
) ENGINE=InnoDB DEFAULT CHARSET=latin1;

-- --------------------------------------------------------

--
-- Estructura de tabla para la tabla `MOTIVOS_BAJA`
--

CREATE TABLE `MOTIVOS_BAJA` (
  `ID` int(8) NOT NULL,
  `DESCRIPCION` varchar(100) DEFAULT NULL,
  `ID_USUARIO_MODIFICA` int(8) NOT NULL
) ENGINE=InnoDB DEFAULT CHARSET=latin1;

--
-- Volcado de datos para la tabla `MOTIVOS_BAJA`
--

INSERT INTO `MOTIVOS_BAJA` (`ID`, `DESCRIPCION`, `ID_USUARIO_MODIFICA`) VALUES
(1, 'Morosidad', 1),
(2, 'Fallecimiento', 1),
(3, 'Renuncia', 1);

-- --------------------------------------------------------

--
-- Estructura de tabla para la tabla `MOTIVOS_BAJA_AUDIT`
--

CREATE TABLE `MOTIVOS_BAJA_AUDIT` (
  `ID_AUDIT` int(8) NOT NULL,
  `FECHA` datetime NOT NULL,
  `METODO` varchar(6) NOT NULL,
  `ID` int(8) NOT NULL,
  `DESCRIPCION` varchar(100) DEFAULT NULL,
  `ID_USUARIO_MODIFICA` int(8) NOT NULL
) ENGINE=InnoDB DEFAULT CHARSET=latin1;

-- --------------------------------------------------------

--
-- Estructura de tabla para la tabla `OBRAS_SOCIALES`
--

CREATE TABLE `OBRAS_SOCIALES` (
  `ID` int(8) NOT NULL,
  `DESCRIPCION` varchar(50) NOT NULL,
  `TIENE_SEPELIO` tinyint(1) NOT NULL DEFAULT '0',
  `ID_USUARIO_MODIFICA` int(8) NOT NULL
) ENGINE=InnoDB DEFAULT CHARSET=latin1;

--
-- Volcado de datos para la tabla `OBRAS_SOCIALES`
--

INSERT INTO `OBRAS_SOCIALES` (`ID`, `DESCRIPCION`, `TIENE_SEPELIO`, `ID_USUARIO_MODIFICA`) VALUES
(1, 'IOSPER', 0, 1);

-- --------------------------------------------------------

--
-- Estructura de tabla para la tabla `OBRAS_SOCIALES_AUDIT`
--

CREATE TABLE `OBRAS_SOCIALES_AUDIT` (
  `ID_AUDIT` int(8) NOT NULL,
  `FECHA` datetime NOT NULL,
  `METODO` varchar(6) NOT NULL,
  `ID` int(8) NOT NULL,
  `DESCRIPCION` varchar(50) NOT NULL,
  `TIENE_SEPELIO` tinyint(1) NOT NULL DEFAULT '0',
  `ID_USUARIO_MODIFICA` int(8) NOT NULL
) ENGINE=InnoDB DEFAULT CHARSET=latin1;

-- --------------------------------------------------------

--
-- Estructura de tabla para la tabla `PAGOS`
--

CREATE TABLE `PAGOS` (
  `ID` int(8) NOT NULL,
  `VALOR` float NOT NULL,
  `ID_SOCIO` int(8) NOT NULL,
  `ID_COBRADOR` int(8) NOT NULL,
  `ID_COMPROBANTE` int(8) NOT NULL,
  `ID_USUARIO_MODIFICA` int(8) NOT NULL
) ENGINE=InnoDB DEFAULT CHARSET=latin1;

-- --------------------------------------------------------

--
-- Estructura de tabla para la tabla `PAGOS_AUDIT`
--

CREATE TABLE `PAGOS_AUDIT` (
  `ID_AUDIT` int(8) NOT NULL,
  `FECHA` datetime NOT NULL,
  `METODO` varchar(6) NOT NULL,
  `ID` int(8) NOT NULL,
  `VALOR` float NOT NULL,
  `ID_SOCIO` int(8) NOT NULL,
  `ID_COBRADOR` int(8) NOT NULL,
  `ID_COMPROBANTE` int(8) NOT NULL,
  `ID_USUARIO_MODIFICA` int(8) NOT NULL
) ENGINE=InnoDB DEFAULT CHARSET=latin1;

-- --------------------------------------------------------

--
-- Estructura de tabla para la tabla `PARAMETROS_EMPRESA`
--

CREATE TABLE `PARAMETROS_EMPRESA` (
  `ID` int(8) NOT NULL,
  `NOMBRE` varchar(100) NOT NULL,
  `DIRECCION` varchar(100) NOT NULL,
  `CUIT` int(11) NOT NULL,
  `INICIO_ACTIVIDADES` date NOT NULL,
  `CONDICION_IVA` varchar(25) NOT NULL,
  `CONDICION_IIBB` varchar(25) NOT NULL,
  `TELEFONO` varchar(10) NOT NULL,
  `EMAIL` varchar(100) NOT NULL,
  `ID_LOCALIDAD` int(8) NOT NULL,
  `ID_USUARIO_MODIFICA` int(8) NOT NULL
) ENGINE=InnoDB DEFAULT CHARSET=latin1;

-- --------------------------------------------------------

--
-- Estructura de tabla para la tabla `PARAMETROS_EMPRESA_AUDIT`
--

CREATE TABLE `PARAMETROS_EMPRESA_AUDIT` (
  `ID_AUDIT` int(8) NOT NULL,
  `FECHA` datetime NOT NULL,
  `METODO` varchar(6) NOT NULL,
  `ID` int(8) NOT NULL,
  `NOMBRE` varchar(100) NOT NULL,
  `DIRECCION` varchar(100) NOT NULL,
  `CUIT` int(11) NOT NULL,
  `INICIO_ACTIVIDADES` date NOT NULL,
  `CONDICION_IVA` varchar(25) NOT NULL,
  `CONDICION_IIBB` varchar(25) NOT NULL,
  `TELEFONO` varchar(10) NOT NULL,
  `EMAIL` varchar(100) NOT NULL,
  `ID_LOCALIDAD` int(8) NOT NULL,
  `ID_USUARIO_MODIFICA` int(8) NOT NULL
) ENGINE=InnoDB DEFAULT CHARSET=latin1;

-- --------------------------------------------------------

--
-- Estructura de tabla para la tabla `PLANES`
--

CREATE TABLE `PLANES` (
  `ID` int(8) NOT NULL,
  `NRO_PLAN` int(8) DEFAULT NULL,
  `DESCRIPCION` varchar(50) NOT NULL,
  `ID_USUARIO_MODIFICA` int(8) NOT NULL
) ENGINE=InnoDB DEFAULT CHARSET=latin1;

--
-- Volcado de datos para la tabla `PLANES`
--

INSERT INTO `PLANES` (`ID`, `NRO_PLAN`, `DESCRIPCION`, `ID_USUARIO_MODIFICA`) VALUES
(1, 1, 'INDIVIDUAL', 1),
(2, 2, 'TITULAR Y ADHERENTE', 1),
(3, 3, 'FAMILIAR', 1);

-- --------------------------------------------------------

--
-- Estructura de tabla para la tabla `PLANES_AUDIT`
--

CREATE TABLE `PLANES_AUDIT` (
  `ID_AUDIT` int(8) NOT NULL,
  `FECHA` datetime NOT NULL,
  `METODO` varchar(6) NOT NULL,
  `ID` int(8) NOT NULL,
  `NRO_PLAN` int(8) DEFAULT NULL,
  `DESCRIPCION` varchar(50) NOT NULL,
  `ID_USUARIO_MODIFICA` int(8) NOT NULL
) ENGINE=InnoDB DEFAULT CHARSET=latin1;

-- --------------------------------------------------------

--
-- Estructura de tabla para la tabla `PROVINCIAS`
--

CREATE TABLE `PROVINCIAS` (
  `ID` int(8) NOT NULL,
  `NOMBRE` varchar(50) NOT NULL,
  `ID_USUARIO_MODIFICA` int(8) NOT NULL
) ENGINE=InnoDB DEFAULT CHARSET=latin1;

--
-- Volcado de datos para la tabla `PROVINCIAS`
--

INSERT INTO `PROVINCIAS` (`ID`, `NOMBRE`, `ID_USUARIO_MODIFICA`) VALUES
(1, 'BUENOS AIRES', 1),
(2, 'CAPITAL FEDERAL', 1),
(3, 'CATAMARCA', 1),
(4, 'CHACO', 1),
(5, 'CHUBUT', 1),
(6, 'CÓRDOBA', 1),
(7, 'CORRIENTES', 1),
(8, 'ENTRE RÍOS', 1),
(9, 'FORMOSA', 1),
(10, 'JUJUY', 1),
(11, 'LA PAMPA', 1),
(12, 'LA RIOJA', 1),
(13, 'MENDOZA', 1),
(14, 'MISIONES', 1),
(15, 'NEUQUÉN', 1),
(16, 'RÍO NEGRO', 1),
(17, 'SALTA', 1),
(18, 'SAN JUAN', 1),
(19, 'SAN LUIS', 1),
(20, 'SANTA CRUZ', 1),
(21, 'SANTA FE', 1),
(22, 'SANTIAGO DEL ESTERO', 1),
(23, 'TIERRA DEL FUEGO', 1),
(24, 'TUCUMÁN', 1);

-- --------------------------------------------------------

--
-- Estructura de tabla para la tabla `PROVINCIAS_AUDIT`
--

CREATE TABLE `PROVINCIAS_AUDIT` (
  `ID_AUDIT` int(8) NOT NULL,
  `FECHA` datetime NOT NULL,
  `METODO` varchar(6) NOT NULL,
  `ID` int(8) NOT NULL,
  `NOMBRE` varchar(50) NOT NULL,
  `ID_USUARIO_MODIFICA` int(8) NOT NULL
) ENGINE=InnoDB DEFAULT CHARSET=latin1;

-- --------------------------------------------------------

--
-- Estructura de tabla para la tabla `RANGOS_TARIFAS`
--

CREATE TABLE `RANGOS_TARIFAS` (
  `ID` int(8) NOT NULL,
  `EDAD_DESDE` int(3) NOT NULL,
  `EDAD_HASTA` int(3) NOT NULL,
  `VALOR` float NOT NULL,
  `ID_USUARIO_MODIFICA` int(8) NOT NULL
) ENGINE=InnoDB DEFAULT CHARSET=latin1;

-- --------------------------------------------------------

--
-- Estructura de tabla para la tabla `RANGOS_TARIFAS_AUDIT`
--

CREATE TABLE `RANGOS_TARIFAS_AUDIT` (
  `ID_AUDIT` int(8) NOT NULL,
  `FECHA` datetime NOT NULL,
  `METODO` varchar(6) NOT NULL,
  `ID` int(8) NOT NULL,
  `EDAD_DESDE` int(3) NOT NULL,
  `EDAD_HASTA` int(3) NOT NULL,
  `VALOR` float NOT NULL,
  `ID_USUARIO_MODIFICA` int(8) NOT NULL
) ENGINE=InnoDB DEFAULT CHARSET=latin1;

-- --------------------------------------------------------

--
-- Estructura de tabla para la tabla `ROLES`
--

CREATE TABLE `ROLES` (
  `ID` int(8) NOT NULL,
  `NOMBRE` varchar(10) NOT NULL,
  `ID_USUARIO_MODIFICA` int(8) NOT NULL
) ENGINE=InnoDB DEFAULT CHARSET=latin1;

--
-- Volcado de datos para la tabla `ROLES`
--

INSERT INTO `ROLES` (`ID`, `NOMBRE`, `ID_USUARIO_MODIFICA`) VALUES
(1, 'ADMIN', 1);

-- --------------------------------------------------------

--
-- Estructura de tabla para la tabla `ROLES_AUDIT`
--

CREATE TABLE `ROLES_AUDIT` (
  `ID_AUDIT` int(8) NOT NULL,
  `FECHA` datetime NOT NULL,
  `METODO` varchar(6) NOT NULL,
  `ID` int(8) NOT NULL,
  `NOMBRE` varchar(10) NOT NULL,
  `ID_USUARIO_MODIFICA` int(8) NOT NULL
) ENGINE=InnoDB DEFAULT CHARSET=latin1;

-- --------------------------------------------------------

--
-- Estructura de tabla para la tabla `SOCIOS`
--

CREATE TABLE `SOCIOS` (
  `ID` int(8) NOT NULL,
  `DNI` int(8) NOT NULL,
  `APELLIDO` varchar(100) NOT NULL,
  `NOMBRE` varchar(100) NOT NULL,
  `DIRECCION` varchar(100) NOT NULL,
  `TELEFONO` varchar(10) NOT NULL,
  `EMAIL` varchar(100) NOT NULL,
  `SEXO` varchar(50) NOT NULL,
  `FECHA_NACIMIENTO` date NOT NULL,
  `FECHA_COBERTURA` date NOT NULL,
  `SALDO` float NOT NULL,
  `ID_TARIFA` int(8) NOT NULL,
  `ID_ZONA` int(8) NOT NULL,
  `ID_LOCALIDAD` int(8) NOT NULL,
  `ID_OBRA_SOCIAL` int(8) NOT NULL,
  `ID_ESTADO` int(8) NOT NULL,
  `ID_USUARIO_MODIFICA` int(8) NOT NULL
) ENGINE=InnoDB DEFAULT CHARSET=latin1;

--
-- Volcado de datos para la tabla `SOCIOS`
--

INSERT INTO `SOCIOS` (`ID`, `DNI`, `APELLIDO`, `NOMBRE`, `DIRECCION`, `TELEFONO`, `EMAIL`, `SEXO`, `FECHA_NACIMIENTO`, `FECHA_COBERTURA`, `SALDO`, `ID_TARIFA`, `ID_ZONA`, `ID_LOCALIDAD`, `ID_OBRA_SOCIAL`, `ID_ESTADO`, `ID_USUARIO_MODIFICA`) VALUES
(3, 39032254, 'FEDELE', 'FAUSTO EDITADO', 'CANDIDO PUJATO 2754 PISO 9 DPTO B', '3404516973', 'faustofedele2013@gmail.com', 'Masculino', '1997-05-04', '1997-05-04', 0, 1, 1, 13, 1, 1, 1),
(4, 39032255, 'CABRERA', 'NACHO', 'CANDIDO PUJATO 2754 PISO 9 DPTO B', '3404516973', 'faustofedele2013@gmail.com', 'Masculino', '1997-05-05', '1997-05-05', 0, 1, 1, 13, 1, 1, 1),
(5, 39032256, 'CABRERA', 'JUAN IGNACIO', 'URQUIZA 110', '3438407340', 'nachooakd@gmail.com', 'Masculino', '1995-09-01', '1995-09-01', 200, 1, 1, 13, 1, 1, 1),
(7, 39032257, 'CABRERA', 'OSCAR ALFREDO', 'URQUIZA 110', '3438407340', 'nachooakd@gmail.com', 'Masculino', '1995-09-01', '1995-09-01', 200, 1, 1, 13, 1, 1, 1),
(8, 13657073, 'SPHAN', 'MARGARITA INES EDITADA', 'URQUIZA 110', '3438407340', 'margarita@gmail.com', 'Femenino', '1959-11-17', '1959-11-17', 1200, 1, 1, 13, 1, 1, 1),
(9, 15896523, 'PRUEBA EDITADO 22', 'ROBER', 'URQUIZA 110', '3438407340', 'margarita@gmail.com', 'Femenino', '1959-11-17', '1959-11-17', 1200, 1, 1, 13, 1, 2, 2);

-- --------------------------------------------------------

--
-- Estructura de tabla para la tabla `SOCIOS_AUDIT`
--

CREATE TABLE `SOCIOS_AUDIT` (
  `ID_AUDIT` int(8) NOT NULL,
  `FECHA` datetime NOT NULL,
  `METODO` varchar(6) NOT NULL,
  `ID` int(8) NOT NULL,
  `DNI` int(8) NOT NULL,
  `APELLIDO` varchar(100) NOT NULL,
  `NOMBRE` varchar(100) NOT NULL,
  `DIRECCION` varchar(100) NOT NULL,
  `TELEFONO` varchar(10) NOT NULL,
  `EMAIL` varchar(100) NOT NULL,
  `SEXO` varchar(50) NOT NULL,
  `FECHA_NACIMIENTO` date NOT NULL,
  `FECHA_COBERTURA` date NOT NULL,
  `SALDO` float NOT NULL,
  `ID_TARIFA` int(8) NOT NULL,
  `ID_ZONA` int(8) NOT NULL,
  `ID_LOCALIDAD` int(8) NOT NULL,
  `ID_OBRA_SOCIAL` int(8) NOT NULL,
  `ID_ESTADO` int(8) NOT NULL,
  `ID_USUARIO_MODIFICA` int(8) NOT NULL
) ENGINE=InnoDB DEFAULT CHARSET=latin1;

-- --------------------------------------------------------

--
-- Estructura de tabla para la tabla `SOCIOS_BAJA`
--

CREATE TABLE `SOCIOS_BAJA` (
  `ID` int(8) NOT NULL,
  `ID_SOCIO` int(8) DEFAULT NULL,
  `ID_MOTIVO_BAJA` int(8) DEFAULT NULL,
  `ID_USUARIO_MODIFICA` int(8) NOT NULL
) ENGINE=InnoDB DEFAULT CHARSET=latin1;

--
-- Volcado de datos para la tabla `SOCIOS_BAJA`
--

INSERT INTO `SOCIOS_BAJA` (`ID`, `ID_SOCIO`, `ID_MOTIVO_BAJA`, `ID_USUARIO_MODIFICA`) VALUES
(1, 8, 3, 1),
(2, 8, 3, 1),
(3, 9, 3, 2);

-- --------------------------------------------------------

--
-- Estructura de tabla para la tabla `TARIFAS`
--

CREATE TABLE `TARIFAS` (
  `ID` int(8) NOT NULL,
  `NRO_TARIFA` int(8) DEFAULT NULL,
  `DESCRIPCION` varchar(50) NOT NULL,
  `VALOR` float NOT NULL,
  `ID_RANGO_TARIFA` int(8) DEFAULT NULL,
  `ID_PLAN` int(8) NOT NULL,
  `ID_USUARIO_MODIFICA` int(8) NOT NULL
) ENGINE=InnoDB DEFAULT CHARSET=latin1;

--
-- Volcado de datos para la tabla `TARIFAS`
--

INSERT INTO `TARIFAS` (`ID`, `NRO_TARIFA`, `DESCRIPCION`, `VALOR`, `ID_RANGO_TARIFA`, `ID_PLAN`, `ID_USUARIO_MODIFICA`) VALUES
(1, 1, 'Tarifa Fausto', 100, NULL, 1, 1),
(2, 2, 'Tarifa 2', 100, NULL, 1, 1),
(3, 2, 'Tarifa 2', 100, NULL, 1, 1);

-- --------------------------------------------------------

--
-- Estructura de tabla para la tabla `TARIFAS_AUDIT`
--

CREATE TABLE `TARIFAS_AUDIT` (
  `ID_AUDIT` int(8) NOT NULL,
  `FECHA` datetime NOT NULL,
  `METODO` varchar(6) NOT NULL,
  `ID` int(8) NOT NULL,
  `NRO_TARIFA` int(8) DEFAULT NULL,
  `DESCRIPCION` varchar(50) NOT NULL,
  `VALOR` float NOT NULL,
  `ID_RANGO_TARIFA` int(8) DEFAULT NULL,
  `ID_PLAN` int(8) NOT NULL,
  `ID_USUARIO_MODIFICA` int(8) NOT NULL
) ENGINE=InnoDB DEFAULT CHARSET=latin1;

-- --------------------------------------------------------

--
-- Estructura de tabla para la tabla `USUARIOS`
--

CREATE TABLE `USUARIOS` (
  `ID` int(8) NOT NULL,
  `USERNAME` varchar(20) NOT NULL,
  `PASSWORD` varchar(50) DEFAULT NULL,
  `ID_ROL` int(8) NOT NULL,
  `ID_USUARIO_MODIFICA` int(8) NOT NULL
) ENGINE=InnoDB DEFAULT CHARSET=latin1;

--
-- Volcado de datos para la tabla `USUARIOS`
--

INSERT INTO `USUARIOS` (`ID`, `USERNAME`, `PASSWORD`, `ID_ROL`, `ID_USUARIO_MODIFICA`) VALUES
(1, 'fausto', 'fedele', 1, 1),
(2, 'nacho', 'cabrera', 1, 1);

-- --------------------------------------------------------

--
-- Estructura de tabla para la tabla `USUARIOS_AUDIT`
--

CREATE TABLE `USUARIOS_AUDIT` (
  `ID_AUDIT` int(8) NOT NULL,
  `FECHA` datetime NOT NULL,
  `METODO` varchar(6) NOT NULL,
  `ID` int(8) NOT NULL,
  `USERNAME` varchar(20) NOT NULL,
  `PASSWORD` varchar(50) DEFAULT NULL,
  `ID_ROL` int(8) NOT NULL,
  `ID_USUARIO_MODIFICA` int(8) NOT NULL
) ENGINE=InnoDB DEFAULT CHARSET=latin1;

-- --------------------------------------------------------

--
-- Estructura de tabla para la tabla `ZONAS`
--

CREATE TABLE `ZONAS` (
  `ID` int(8) NOT NULL,
  `NRO_ZONA` int(8) DEFAULT NULL,
  `NOMBRE` varchar(50) NOT NULL,
  `ID_USUARIO_MODIFICA` int(8) NOT NULL
) ENGINE=InnoDB DEFAULT CHARSET=latin1;

--
-- Volcado de datos para la tabla `ZONAS`
--

INSERT INTO `ZONAS` (`ID`, `NRO_ZONA`, `NOMBRE`, `ID_USUARIO_MODIFICA`) VALUES
(1, 99, 'editada', 1),
(2, 2, 'ZONA 2', 1),
(3, 2, 'ZONA 2', 1),
(4, 2, 'ZONA 2', 1),
(5, 2, 'ZONA 2', 1),
(6, 2, 'ZONA 2', 1),
(7, 2, 'ZONA 2', 1),
(9, 88, 'Zona jcabrera', 1);

-- --------------------------------------------------------

--
-- Estructura de tabla para la tabla `ZONAS_AUDIT`
--

CREATE TABLE `ZONAS_AUDIT` (
  `ID_AUDIT` int(8) NOT NULL,
  `FECHA` datetime NOT NULL,
  `METODO` varchar(6) NOT NULL,
  `ID` int(8) NOT NULL,
  `NRO_ZONA` int(8) DEFAULT NULL,
  `NOMBRE` varchar(50) NOT NULL,
  `ID_USUARIO_MODIFICA` int(8) NOT NULL
) ENGINE=InnoDB DEFAULT CHARSET=latin1;

-- --------------------------------------------------------

--
-- Estructura de tabla para la tabla `ZONAS_COBRADORES`
--

CREATE TABLE `ZONAS_COBRADORES` (
  `ID` int(8) NOT NULL,
  `ID_ZONA` int(8) DEFAULT NULL,
  `ID_COBRADOR` int(8) DEFAULT NULL,
  `ID_USUARIO_MODIFICA` int(8) NOT NULL
) ENGINE=InnoDB DEFAULT CHARSET=latin1;

-- --------------------------------------------------------

--
-- Estructura de tabla para la tabla `ZONAS_COBRADORES_AUDIT`
--

CREATE TABLE `ZONAS_COBRADORES_AUDIT` (
  `ID_AUDIT` int(8) NOT NULL,
  `FECHA` datetime NOT NULL,
  `METODO` varchar(6) NOT NULL,
  `ID` int(8) NOT NULL,
  `ID_ZONA` int(8) DEFAULT NULL,
  `ID_COBRADOR` int(8) DEFAULT NULL,
  `ID_USUARIO_MODIFICA` int(8) NOT NULL
) ENGINE=InnoDB DEFAULT CHARSET=latin1;

--
-- Índices para tablas volcadas
--

--
-- Indices de la tabla `ADHERENTES`
--
ALTER TABLE `ADHERENTES`
  ADD PRIMARY KEY (`ID`),
  ADD UNIQUE KEY `DNI` (`DNI`),
  ADD KEY `ID_SOCIO` (`ID_SOCIO`),
  ADD KEY `ID_LOCALIDAD` (`ID_LOCALIDAD`),
  ADD KEY `ID_OBRA_SOCIAL` (`ID_OBRA_SOCIAL`),
  ADD KEY `ID_ZONA` (`ID_ZONA`),
  ADD KEY `ID_ESTADO` (`ID_ESTADO`),
  ADD KEY `ID_USUARIO_MODIFICA` (`ID_USUARIO_MODIFICA`);

--
-- Indices de la tabla `ADHERENTES_AUDIT`
--
ALTER TABLE `ADHERENTES_AUDIT`
  ADD PRIMARY KEY (`ID_AUDIT`);

--
-- Indices de la tabla `ADHERENTES_BAJA`
--
ALTER TABLE `ADHERENTES_BAJA`
  ADD PRIMARY KEY (`ID`),
  ADD KEY `ID_MOTIVO_BAJA` (`ID_MOTIVO_BAJA`),
  ADD KEY `ID_ADHERENTE` (`ID_ADHERENTE`),
  ADD KEY `ID_USUARIO_MODIFICA` (`ID_USUARIO_MODIFICA`);

--
-- Indices de la tabla `COBRADORES`
--
ALTER TABLE `COBRADORES`
  ADD PRIMARY KEY (`ID`),
  ADD UNIQUE KEY `DNI` (`DNI`),
  ADD KEY `ID_LOCALIDAD` (`ID_LOCALIDAD`),
  ADD KEY `ID_USUARIO_MODIFICA` (`ID_USUARIO_MODIFICA`);

--
-- Indices de la tabla `COBRADORES_AUDIT`
--
ALTER TABLE `COBRADORES_AUDIT`
  ADD PRIMARY KEY (`ID_AUDIT`);

--
-- Indices de la tabla `COMPROBANTES`
--
ALTER TABLE `COMPROBANTES`
  ADD PRIMARY KEY (`ID`),
  ADD KEY `ID_PARAMETRO` (`ID_PARAMETRO`),
  ADD KEY `ID_SOCIO` (`ID_SOCIO`),
  ADD KEY `ID_USUARIO_MODIFICA` (`ID_USUARIO_MODIFICA`);

--
-- Indices de la tabla `COMPROBANTES_AUDIT`
--
ALTER TABLE `COMPROBANTES_AUDIT`
  ADD PRIMARY KEY (`ID_AUDIT`);

--
-- Indices de la tabla `ESTADOS`
--
ALTER TABLE `ESTADOS`
  ADD PRIMARY KEY (`ID`),
  ADD KEY `ID_USUARIO_MODIFICA` (`ID_USUARIO_MODIFICA`);

--
-- Indices de la tabla `ESTADOS_AUDIT`
--
ALTER TABLE `ESTADOS_AUDIT`
  ADD PRIMARY KEY (`ID_AUDIT`);

--
-- Indices de la tabla `LOCALIDADES`
--
ALTER TABLE `LOCALIDADES`
  ADD PRIMARY KEY (`ID`),
  ADD KEY `ID_PROVINCIA` (`ID_PROVINCIA`),
  ADD KEY `ID_USUARIO_MODIFICA` (`ID_USUARIO_MODIFICA`);

--
-- Indices de la tabla `LOCALIDADES_AUDIT`
--
ALTER TABLE `LOCALIDADES_AUDIT`
  ADD PRIMARY KEY (`ID_AUDIT`);

--
-- Indices de la tabla `MOTIVOS_BAJA`
--
ALTER TABLE `MOTIVOS_BAJA`
  ADD PRIMARY KEY (`ID`),
  ADD KEY `ID_USUARIO_MODIFICA` (`ID_USUARIO_MODIFICA`);

--
-- Indices de la tabla `MOTIVOS_BAJA_AUDIT`
--
ALTER TABLE `MOTIVOS_BAJA_AUDIT`
  ADD PRIMARY KEY (`ID_AUDIT`);

--
-- Indices de la tabla `OBRAS_SOCIALES`
--
ALTER TABLE `OBRAS_SOCIALES`
  ADD PRIMARY KEY (`ID`),
  ADD KEY `ID_USUARIO_MODIFICA` (`ID_USUARIO_MODIFICA`);

--
-- Indices de la tabla `OBRAS_SOCIALES_AUDIT`
--
ALTER TABLE `OBRAS_SOCIALES_AUDIT`
  ADD PRIMARY KEY (`ID_AUDIT`);

--
-- Indices de la tabla `PAGOS`
--
ALTER TABLE `PAGOS`
  ADD PRIMARY KEY (`ID`),
  ADD KEY `ID_SOCIO` (`ID_SOCIO`),
  ADD KEY `ID_COBRADOR` (`ID_COBRADOR`),
  ADD KEY `ID_COMPROBANTE` (`ID_COMPROBANTE`),
  ADD KEY `ID_USUARIO_MODIFICA` (`ID_USUARIO_MODIFICA`);

--
-- Indices de la tabla `PAGOS_AUDIT`
--
ALTER TABLE `PAGOS_AUDIT`
  ADD PRIMARY KEY (`ID_AUDIT`);

--
-- Indices de la tabla `PARAMETROS_EMPRESA`
--
ALTER TABLE `PARAMETROS_EMPRESA`
  ADD PRIMARY KEY (`ID`),
  ADD KEY `ID_LOCALIDAD` (`ID_LOCALIDAD`),
  ADD KEY `ID_USUARIO_MODIFICA` (`ID_USUARIO_MODIFICA`);

--
-- Indices de la tabla `PARAMETROS_EMPRESA_AUDIT`
--
ALTER TABLE `PARAMETROS_EMPRESA_AUDIT`
  ADD PRIMARY KEY (`ID_AUDIT`);

--
-- Indices de la tabla `PLANES`
--
ALTER TABLE `PLANES`
  ADD PRIMARY KEY (`ID`),
  ADD KEY `ID_USUARIO_MODIFICA` (`ID_USUARIO_MODIFICA`);

--
-- Indices de la tabla `PLANES_AUDIT`
--
ALTER TABLE `PLANES_AUDIT`
  ADD PRIMARY KEY (`ID_AUDIT`),
  ADD KEY `ID_USUARIO_MODIFICA` (`ID_USUARIO_MODIFICA`);

--
-- Indices de la tabla `PROVINCIAS`
--
ALTER TABLE `PROVINCIAS`
  ADD PRIMARY KEY (`ID`),
  ADD KEY `ID_USUARIO_MODIFICA` (`ID_USUARIO_MODIFICA`);

--
-- Indices de la tabla `PROVINCIAS_AUDIT`
--
ALTER TABLE `PROVINCIAS_AUDIT`
  ADD PRIMARY KEY (`ID_AUDIT`);

--
-- Indices de la tabla `RANGOS_TARIFAS`
--
ALTER TABLE `RANGOS_TARIFAS`
  ADD PRIMARY KEY (`ID`),
  ADD KEY `ID_USUARIO_MODIFICA` (`ID_USUARIO_MODIFICA`);

--
-- Indices de la tabla `RANGOS_TARIFAS_AUDIT`
--
ALTER TABLE `RANGOS_TARIFAS_AUDIT`
  ADD PRIMARY KEY (`ID_AUDIT`);

--
-- Indices de la tabla `ROLES`
--
ALTER TABLE `ROLES`
  ADD PRIMARY KEY (`ID`),
  ADD UNIQUE KEY `NOMBRE` (`NOMBRE`),
  ADD KEY `ID_USUARIO_MODIFICA` (`ID_USUARIO_MODIFICA`);

--
-- Indices de la tabla `ROLES_AUDIT`
--
ALTER TABLE `ROLES_AUDIT`
  ADD PRIMARY KEY (`ID_AUDIT`);

--
-- Indices de la tabla `SOCIOS`
--
ALTER TABLE `SOCIOS`
  ADD PRIMARY KEY (`ID`),
  ADD UNIQUE KEY `DNI` (`DNI`),
  ADD KEY `ID_TARIFA` (`ID_TARIFA`),
  ADD KEY `ID_ZONA` (`ID_ZONA`),
  ADD KEY `ID_LOCALIDAD` (`ID_LOCALIDAD`),
  ADD KEY `ID_OBRA_SOCIAL` (`ID_OBRA_SOCIAL`),
  ADD KEY `ID_ESTADO` (`ID_ESTADO`),
  ADD KEY `ID_USUARIO_MODIFICA` (`ID_USUARIO_MODIFICA`);

--
-- Indices de la tabla `SOCIOS_AUDIT`
--
ALTER TABLE `SOCIOS_AUDIT`
  ADD PRIMARY KEY (`ID_AUDIT`);

--
-- Indices de la tabla `SOCIOS_BAJA`
--
ALTER TABLE `SOCIOS_BAJA`
  ADD PRIMARY KEY (`ID`),
  ADD KEY `ID_MOTIVO_BAJA` (`ID_MOTIVO_BAJA`),
  ADD KEY `ID_SOCIO` (`ID_SOCIO`),
  ADD KEY `ID_USUARIO_MODIFICA` (`ID_USUARIO_MODIFICA`);

--
-- Indices de la tabla `TARIFAS`
--
ALTER TABLE `TARIFAS`
  ADD PRIMARY KEY (`ID`),
  ADD KEY `ID_PLAN` (`ID_PLAN`),
  ADD KEY `ID_USUARIO_MODIFICA` (`ID_USUARIO_MODIFICA`),
  ADD KEY `tarifas_ibfk_3` (`ID_RANGO_TARIFA`);

--
-- Indices de la tabla `TARIFAS_AUDIT`
--
ALTER TABLE `TARIFAS_AUDIT`
  ADD PRIMARY KEY (`ID_AUDIT`);

--
-- Indices de la tabla `USUARIOS`
--
ALTER TABLE `USUARIOS`
  ADD PRIMARY KEY (`ID`),
  ADD UNIQUE KEY `USERNAME` (`USERNAME`),
  ADD KEY `ID_ROL` (`ID_ROL`),
  ADD KEY `ID_USUARIO_MODIFICA` (`ID_USUARIO_MODIFICA`);

--
-- Indices de la tabla `USUARIOS_AUDIT`
--
ALTER TABLE `USUARIOS_AUDIT`
  ADD PRIMARY KEY (`ID_AUDIT`);

--
-- Indices de la tabla `ZONAS`
--
ALTER TABLE `ZONAS`
  ADD PRIMARY KEY (`ID`),
  ADD KEY `ID_USUARIO_MODIFICA` (`ID_USUARIO_MODIFICA`);

--
-- Indices de la tabla `ZONAS_AUDIT`
--
ALTER TABLE `ZONAS_AUDIT`
  ADD PRIMARY KEY (`ID_AUDIT`);

--
-- Indices de la tabla `ZONAS_COBRADORES`
--
ALTER TABLE `ZONAS_COBRADORES`
  ADD PRIMARY KEY (`ID`),
  ADD KEY `ID_ZONA` (`ID_ZONA`),
  ADD KEY `ID_COBRADOR` (`ID_COBRADOR`),
  ADD KEY `ID_USUARIO_MODIFICA` (`ID_USUARIO_MODIFICA`);

--
-- Indices de la tabla `ZONAS_COBRADORES_AUDIT`
--
ALTER TABLE `ZONAS_COBRADORES_AUDIT`
  ADD PRIMARY KEY (`ID_AUDIT`);

--
-- AUTO_INCREMENT de las tablas volcadas
--

--
-- AUTO_INCREMENT de la tabla `ADHERENTES`
--
ALTER TABLE `ADHERENTES`
  MODIFY `ID` int(8) NOT NULL AUTO_INCREMENT;
--
-- AUTO_INCREMENT de la tabla `ADHERENTES_AUDIT`
--
ALTER TABLE `ADHERENTES_AUDIT`
  MODIFY `ID_AUDIT` int(8) NOT NULL AUTO_INCREMENT;
--
-- AUTO_INCREMENT de la tabla `ADHERENTES_BAJA`
--
ALTER TABLE `ADHERENTES_BAJA`
  MODIFY `ID` int(8) NOT NULL AUTO_INCREMENT;
--
-- AUTO_INCREMENT de la tabla `COBRADORES`
--
ALTER TABLE `COBRADORES`
  MODIFY `ID` int(8) NOT NULL AUTO_INCREMENT;
--
-- AUTO_INCREMENT de la tabla `COBRADORES_AUDIT`
--
ALTER TABLE `COBRADORES_AUDIT`
  MODIFY `ID_AUDIT` int(8) NOT NULL AUTO_INCREMENT;
--
-- AUTO_INCREMENT de la tabla `COMPROBANTES`
--
ALTER TABLE `COMPROBANTES`
  MODIFY `ID` int(8) NOT NULL AUTO_INCREMENT;
--
-- AUTO_INCREMENT de la tabla `COMPROBANTES_AUDIT`
--
ALTER TABLE `COMPROBANTES_AUDIT`
  MODIFY `ID_AUDIT` int(8) NOT NULL AUTO_INCREMENT;
--
-- AUTO_INCREMENT de la tabla `ESTADOS`
--
ALTER TABLE `ESTADOS`
  MODIFY `ID` int(8) NOT NULL AUTO_INCREMENT, AUTO_INCREMENT=3;
--
-- AUTO_INCREMENT de la tabla `ESTADOS_AUDIT`
--
ALTER TABLE `ESTADOS_AUDIT`
  MODIFY `ID_AUDIT` int(8) NOT NULL AUTO_INCREMENT;
--
-- AUTO_INCREMENT de la tabla `LOCALIDADES`
--
ALTER TABLE `LOCALIDADES`
  MODIFY `ID` int(8) NOT NULL AUTO_INCREMENT, AUTO_INCREMENT=32768;
--
-- AUTO_INCREMENT de la tabla `LOCALIDADES_AUDIT`
--
ALTER TABLE `LOCALIDADES_AUDIT`
  MODIFY `ID_AUDIT` int(8) NOT NULL AUTO_INCREMENT;
--
-- AUTO_INCREMENT de la tabla `MOTIVOS_BAJA`
--
ALTER TABLE `MOTIVOS_BAJA`
  MODIFY `ID` int(8) NOT NULL AUTO_INCREMENT, AUTO_INCREMENT=4;
--
-- AUTO_INCREMENT de la tabla `MOTIVOS_BAJA_AUDIT`
--
ALTER TABLE `MOTIVOS_BAJA_AUDIT`
  MODIFY `ID_AUDIT` int(8) NOT NULL AUTO_INCREMENT;
--
-- AUTO_INCREMENT de la tabla `OBRAS_SOCIALES`
--
ALTER TABLE `OBRAS_SOCIALES`
  MODIFY `ID` int(8) NOT NULL AUTO_INCREMENT, AUTO_INCREMENT=2;
--
-- AUTO_INCREMENT de la tabla `OBRAS_SOCIALES_AUDIT`
--
ALTER TABLE `OBRAS_SOCIALES_AUDIT`
  MODIFY `ID_AUDIT` int(8) NOT NULL AUTO_INCREMENT;
--
-- AUTO_INCREMENT de la tabla `PAGOS`
--
ALTER TABLE `PAGOS`
  MODIFY `ID` int(8) NOT NULL AUTO_INCREMENT;
--
-- AUTO_INCREMENT de la tabla `PAGOS_AUDIT`
--
ALTER TABLE `PAGOS_AUDIT`
  MODIFY `ID_AUDIT` int(8) NOT NULL AUTO_INCREMENT;
--
-- AUTO_INCREMENT de la tabla `PARAMETROS_EMPRESA`
--
ALTER TABLE `PARAMETROS_EMPRESA`
  MODIFY `ID` int(8) NOT NULL AUTO_INCREMENT;
--
-- AUTO_INCREMENT de la tabla `PARAMETROS_EMPRESA_AUDIT`
--
ALTER TABLE `PARAMETROS_EMPRESA_AUDIT`
  MODIFY `ID_AUDIT` int(8) NOT NULL AUTO_INCREMENT;
--
-- AUTO_INCREMENT de la tabla `PLANES`
--
ALTER TABLE `PLANES`
  MODIFY `ID` int(8) NOT NULL AUTO_INCREMENT, AUTO_INCREMENT=3;
--
-- AUTO_INCREMENT de la tabla `PLANES_AUDIT`
--
ALTER TABLE `PLANES_AUDIT`
  MODIFY `ID_AUDIT` int(8) NOT NULL AUTO_INCREMENT;
--
-- AUTO_INCREMENT de la tabla `PROVINCIAS`
--
ALTER TABLE `PROVINCIAS`
  MODIFY `ID` int(8) NOT NULL AUTO_INCREMENT, AUTO_INCREMENT=32;
--
-- AUTO_INCREMENT de la tabla `PROVINCIAS_AUDIT`
--
ALTER TABLE `PROVINCIAS_AUDIT`
  MODIFY `ID_AUDIT` int(8) NOT NULL AUTO_INCREMENT;
--
-- AUTO_INCREMENT de la tabla `RANGOS_TARIFAS`
--
ALTER TABLE `RANGOS_TARIFAS`
  MODIFY `ID` int(8) NOT NULL AUTO_INCREMENT;
--
-- AUTO_INCREMENT de la tabla `RANGOS_TARIFAS_AUDIT`
--
ALTER TABLE `RANGOS_TARIFAS_AUDIT`
  MODIFY `ID_AUDIT` int(8) NOT NULL AUTO_INCREMENT;
--
-- AUTO_INCREMENT de la tabla `ROLES`
--
ALTER TABLE `ROLES`
  MODIFY `ID` int(8) NOT NULL AUTO_INCREMENT, AUTO_INCREMENT=2;
--
-- AUTO_INCREMENT de la tabla `ROLES_AUDIT`
--
ALTER TABLE `ROLES_AUDIT`
  MODIFY `ID_AUDIT` int(8) NOT NULL AUTO_INCREMENT;
--
-- AUTO_INCREMENT de la tabla `SOCIOS`
--
ALTER TABLE `SOCIOS`
  MODIFY `ID` int(8) NOT NULL AUTO_INCREMENT, AUTO_INCREMENT=10;
--
-- AUTO_INCREMENT de la tabla `SOCIOS_AUDIT`
--
ALTER TABLE `SOCIOS_AUDIT`
  MODIFY `ID_AUDIT` int(8) NOT NULL AUTO_INCREMENT;
--
-- AUTO_INCREMENT de la tabla `SOCIOS_BAJA`
--
ALTER TABLE `SOCIOS_BAJA`
  MODIFY `ID` int(8) NOT NULL AUTO_INCREMENT, AUTO_INCREMENT=4;
--
-- AUTO_INCREMENT de la tabla `TARIFAS`
--
ALTER TABLE `TARIFAS`
  MODIFY `ID` int(8) NOT NULL AUTO_INCREMENT, AUTO_INCREMENT=5;
--
-- AUTO_INCREMENT de la tabla `TARIFAS_AUDIT`
--
ALTER TABLE `TARIFAS_AUDIT`
  MODIFY `ID_AUDIT` int(8) NOT NULL AUTO_INCREMENT;
--
-- AUTO_INCREMENT de la tabla `USUARIOS`
--
ALTER TABLE `USUARIOS`
  MODIFY `ID` int(8) NOT NULL AUTO_INCREMENT, AUTO_INCREMENT=3;
--
-- AUTO_INCREMENT de la tabla `USUARIOS_AUDIT`
--
ALTER TABLE `USUARIOS_AUDIT`
  MODIFY `ID_AUDIT` int(8) NOT NULL AUTO_INCREMENT;
--
-- AUTO_INCREMENT de la tabla `ZONAS`
--
ALTER TABLE `ZONAS`
  MODIFY `ID` int(8) NOT NULL AUTO_INCREMENT, AUTO_INCREMENT=16;
--
-- AUTO_INCREMENT de la tabla `ZONAS_AUDIT`
--
ALTER TABLE `ZONAS_AUDIT`
  MODIFY `ID_AUDIT` int(8) NOT NULL AUTO_INCREMENT;
--
-- AUTO_INCREMENT de la tabla `ZONAS_COBRADORES`
--
ALTER TABLE `ZONAS_COBRADORES`
  MODIFY `ID` int(8) NOT NULL AUTO_INCREMENT;
--
-- AUTO_INCREMENT de la tabla `ZONAS_COBRADORES_AUDIT`
--
ALTER TABLE `ZONAS_COBRADORES_AUDIT`
  MODIFY `ID_AUDIT` int(8) NOT NULL AUTO_INCREMENT;
--
-- Restricciones para tablas volcadas
--

--
-- Filtros para la tabla `ADHERENTES`
--
ALTER TABLE `ADHERENTES`
  ADD CONSTRAINT `ADHERENTES_ibfk_1` FOREIGN KEY (`ID_SOCIO`) REFERENCES `SOCIOS` (`ID`),
  ADD CONSTRAINT `ADHERENTES_ibfk_2` FOREIGN KEY (`ID_LOCALIDAD`) REFERENCES `LOCALIDADES` (`ID`),
  ADD CONSTRAINT `ADHERENTES_ibfk_3` FOREIGN KEY (`ID_OBRA_SOCIAL`) REFERENCES `OBRAS_SOCIALES` (`ID`),
  ADD CONSTRAINT `ADHERENTES_ibfk_4` FOREIGN KEY (`ID_ZONA`) REFERENCES `ZONAS` (`ID`),
  ADD CONSTRAINT `ADHERENTES_ibfk_5` FOREIGN KEY (`ID_ESTADO`) REFERENCES `ESTADOS` (`ID`),
  ADD CONSTRAINT `ADHERENTES_ibfk_6` FOREIGN KEY (`ID_USUARIO_MODIFICA`) REFERENCES `USUARIOS` (`ID`);

--
-- Filtros para la tabla `ADHERENTES_BAJA`
--
ALTER TABLE `ADHERENTES_BAJA`
  ADD CONSTRAINT `ADHERENTES_BAJA_ibfk_1` FOREIGN KEY (`ID_MOTIVO_BAJA`) REFERENCES `MOTIVOS_BAJA` (`ID`),
  ADD CONSTRAINT `ADHERENTES_BAJA_ibfk_2` FOREIGN KEY (`ID_ADHERENTE`) REFERENCES `ADHERENTES` (`ID`),
  ADD CONSTRAINT `ADHERENTES_BAJA_ibfk_3` FOREIGN KEY (`ID_USUARIO_MODIFICA`) REFERENCES `USUARIOS` (`ID`);

--
-- Filtros para la tabla `COBRADORES`
--
ALTER TABLE `COBRADORES`
  ADD CONSTRAINT `COBRADORES_ibfk_3` FOREIGN KEY (`ID_USUARIO_MODIFICA`) REFERENCES `USUARIOS` (`ID`),
  ADD CONSTRAINT `COBRADORES_ibfk_1` FOREIGN KEY (`ID`) REFERENCES `LOCALIDADES` (`ID`),
  ADD CONSTRAINT `COBRADORES_ibfk_2` FOREIGN KEY (`ID_LOCALIDAD`) REFERENCES `LOCALIDADES` (`ID`);

--
-- Filtros para la tabla `COMPROBANTES`
--
ALTER TABLE `COMPROBANTES`
  ADD CONSTRAINT `COMPROBANTES_ibfk_2` FOREIGN KEY (`ID_USUARIO_MODIFICA`) REFERENCES `USUARIOS` (`ID`),
  ADD CONSTRAINT `COMPROBANTES_ibfk_3` FOREIGN KEY (`ID_SOCIO`) REFERENCES `SOCIOS` (`ID`),
  ADD CONSTRAINT `COMPROBANTES_ibfk_1` FOREIGN KEY (`ID_PARAMETRO`) REFERENCES `PARAMETROS_EMPRESA` (`ID`);

--
-- Filtros para la tabla `ESTADOS`
--
ALTER TABLE `ESTADOS`
  ADD CONSTRAINT `ESTADOS_ibfk_1` FOREIGN KEY (`ID_USUARIO_MODIFICA`) REFERENCES `USUARIOS` (`ID`);

--
-- Filtros para la tabla `LOCALIDADES`
--
ALTER TABLE `LOCALIDADES`
  ADD CONSTRAINT `LOCALIDADES_ibfk_2` FOREIGN KEY (`ID_USUARIO_MODIFICA`) REFERENCES `USUARIOS` (`ID`),
  ADD CONSTRAINT `LOCALIDADES_ibfk_1` FOREIGN KEY (`ID_PROVINCIA`) REFERENCES `PROVINCIAS` (`ID`);

--
-- Filtros para la tabla `MOTIVOS_BAJA`
--
ALTER TABLE `MOTIVOS_BAJA`
  ADD CONSTRAINT `MOTIVOS_BAJA_ibfk_1` FOREIGN KEY (`ID_USUARIO_MODIFICA`) REFERENCES `USUARIOS` (`ID`);

--
-- Filtros para la tabla `OBRAS_SOCIALES`
--
ALTER TABLE `OBRAS_SOCIALES`
  ADD CONSTRAINT `OBRAS_SOCIALES_ibfk_1` FOREIGN KEY (`ID_USUARIO_MODIFICA`) REFERENCES `USUARIOS` (`ID`);

--
-- Filtros para la tabla `PAGOS`
--
ALTER TABLE `PAGOS`
  ADD CONSTRAINT `PAGOS_ibfk_4` FOREIGN KEY (`ID_USUARIO_MODIFICA`) REFERENCES `USUARIOS` (`ID`),
  ADD CONSTRAINT `PAGOS_ibfk_1` FOREIGN KEY (`ID_SOCIO`) REFERENCES `SOCIOS` (`ID`),
  ADD CONSTRAINT `PAGOS_ibfk_2` FOREIGN KEY (`ID_COBRADOR`) REFERENCES `COBRADORES` (`ID`),
  ADD CONSTRAINT `PAGOS_ibfk_3` FOREIGN KEY (`ID_COMPROBANTE`) REFERENCES `COMPROBANTES` (`ID`);

--
-- Filtros para la tabla `PARAMETROS_EMPRESA`
--
ALTER TABLE `PARAMETROS_EMPRESA`
  ADD CONSTRAINT `PARAMETROS_EMPRESA_ibfk_2` FOREIGN KEY (`ID_USUARIO_MODIFICA`) REFERENCES `USUARIOS` (`ID`),
  ADD CONSTRAINT `PARAMETROS_EMPRESA_ibfk_1` FOREIGN KEY (`ID_LOCALIDAD`) REFERENCES `LOCALIDADES` (`ID`);

--
-- Filtros para la tabla `PLANES`
--
ALTER TABLE `PLANES`
  ADD CONSTRAINT `PLANES_ibfk_1` FOREIGN KEY (`ID_USUARIO_MODIFICA`) REFERENCES `USUARIOS` (`ID`);

--
-- Filtros para la tabla `PLANES_AUDIT`
--
ALTER TABLE `PLANES_AUDIT`
  ADD CONSTRAINT `PLANES_AUDIT_ibfk_1` FOREIGN KEY (`ID_USUARIO_MODIFICA`) REFERENCES `USUARIOS` (`ID`);

--
-- Filtros para la tabla `PROVINCIAS`
--
ALTER TABLE `PROVINCIAS`
  ADD CONSTRAINT `PROVINCIAS_ibfk_1` FOREIGN KEY (`ID_USUARIO_MODIFICA`) REFERENCES `USUARIOS` (`ID`);

--
-- Filtros para la tabla `RANGOS_TARIFAS`
--
ALTER TABLE `RANGOS_TARIFAS`
  ADD CONSTRAINT `RANGOS_TARIFAS_ibfk_2` FOREIGN KEY (`ID_USUARIO_MODIFICA`) REFERENCES `USUARIOS` (`ID`);

--
-- Filtros para la tabla `ROLES`
--
ALTER TABLE `ROLES`
  ADD CONSTRAINT `ROLES_ibfk_1` FOREIGN KEY (`ID_USUARIO_MODIFICA`) REFERENCES `USUARIOS` (`ID`);

--
-- Filtros para la tabla `SOCIOS`
--
ALTER TABLE `SOCIOS`
  ADD CONSTRAINT `SOCIOS_ibfk_1` FOREIGN KEY (`ID_TARIFA`) REFERENCES `TARIFAS` (`ID`),
  ADD CONSTRAINT `SOCIOS_ibfk_2` FOREIGN KEY (`ID_ZONA`) REFERENCES `ZONAS` (`ID`),
  ADD CONSTRAINT `SOCIOS_ibfk_3` FOREIGN KEY (`ID_LOCALIDAD`) REFERENCES `LOCALIDADES` (`ID`),
  ADD CONSTRAINT `SOCIOS_ibfk_4` FOREIGN KEY (`ID_OBRA_SOCIAL`) REFERENCES `OBRAS_SOCIALES` (`ID`),
  ADD CONSTRAINT `SOCIOS_ibfk_5` FOREIGN KEY (`ID_ESTADO`) REFERENCES `ESTADOS` (`ID`),
  ADD CONSTRAINT `SOCIOS_ibfk_6` FOREIGN KEY (`ID_USUARIO_MODIFICA`) REFERENCES `USUARIOS` (`ID`);

--
-- Filtros para la tabla `SOCIOS_BAJA`
--
ALTER TABLE `SOCIOS_BAJA`
  ADD CONSTRAINT `SOCIOS_BAJA_ibfk_3` FOREIGN KEY (`ID_USUARIO_MODIFICA`) REFERENCES `USUARIOS` (`ID`),
  ADD CONSTRAINT `SOCIOS_BAJA_ibfk_1` FOREIGN KEY (`ID_MOTIVO_BAJA`) REFERENCES `MOTIVOS_BAJA` (`ID`),
  ADD CONSTRAINT `SOCIOS_BAJA_ibfk_2` FOREIGN KEY (`ID_SOCIO`) REFERENCES `SOCIOS` (`ID`);

--
-- Filtros para la tabla `TARIFAS`
--
ALTER TABLE `TARIFAS`
  ADD CONSTRAINT `TARIFAS_ibfk_1` FOREIGN KEY (`ID_PLAN`) REFERENCES `PLANES` (`ID`),
  ADD CONSTRAINT `TARIFAS_ibfk_2` FOREIGN KEY (`ID_USUARIO_MODIFICA`) REFERENCES `USUARIOS` (`ID`);

--
-- Filtros para la tabla `USUARIOS`
--
ALTER TABLE `USUARIOS`
  ADD CONSTRAINT `USUARIOS_ibfk_2` FOREIGN KEY (`ID_USUARIO_MODIFICA`) REFERENCES `USUARIOS` (`ID`),
  ADD CONSTRAINT `USUARIOS_ibfk_1` FOREIGN KEY (`ID_ROL`) REFERENCES `ROLES` (`ID`);

--
-- Filtros para la tabla `ZONAS`
--
ALTER TABLE `ZONAS`
  ADD CONSTRAINT `ZONAS_ibfk_1` FOREIGN KEY (`ID_USUARIO_MODIFICA`) REFERENCES `USUARIOS` (`ID`);

--
-- Filtros para la tabla `ZONAS_COBRADORES`
--
ALTER TABLE `ZONAS_COBRADORES`
  ADD CONSTRAINT `ZONAS_COBRADORES_ibfk_3` FOREIGN KEY (`ID_USUARIO_MODIFICA`) REFERENCES `USUARIOS` (`ID`),
  ADD CONSTRAINT `ZONAS_COBRADORES_ibfk_1` FOREIGN KEY (`ID_ZONA`) REFERENCES `ZONAS` (`ID`),
  ADD CONSTRAINT `ZONAS_COBRADORES_ibfk_2` FOREIGN KEY (`ID_COBRADOR`) REFERENCES `COBRADORES` (`ID`);
COMMIT;

/*!40101 SET CHARACTER_SET_CLIENT=@OLD_CHARACTER_SET_CLIENT */;
/*!40101 SET CHARACTER_SET_RESULTS=@OLD_CHARACTER_SET_RESULTS */;
/*!40101 SET COLLATION_CONNECTION=@OLD_COLLATION_CONNECTION */;
